,phrase,label,sentiment,subjectivity,language,count,topicColor,keywordColor,continent,gnd,geonames,latitude,longitude,geotype,country,ipcc
US,US,GPE,0.09351828547564982,0.24793388853466372,en,129,#e74a2b,#e74a2b,PACIFIC,,12217089,8.62,-170.11,L,,NPO
the United States,the United States,GPE,0.06732034632034636,0.2843832972582974,en,40,#16c71d,#16c71d,SOUTH-AMERICA,,6255150,-14.60485,-57.65625,L,Brazil,SAM
Caribbean,Caribbean,LOC,-0.05349749353655604,0.2961018293049543,en,32,#65ea43,#65ea43,CENTRAL-AMERICA,,7729891,20.38583,-72.33398,L,,CAR
England,England,GPE,0.12376515151515154,0.291939393939394,en,25,#8aef73,#8aef73,NORTH-AMERICA,4014770-8,11919979,44.0,-71.0,L,United States,ENA
Europe,Europe,LOC,0.10691717903674425,0.33756679109939985,en,23,#80d4f0,#80d4f0,EUROPE,,12217848,50.28762,15.1903,L,Czechia,WCE
turkey,turkey,GPE,0.15779761904761905,0.4194742063492064,en,20,#69a0ee,#69a0ee,EUROPE-AFRICA,4061163-2,298795,39.0,35.0,A,Turkey,MED
Earth,Earth,LOC,0.029715956558061824,0.2852882205513785,en,19,#19e5e5,#19e5e5,ATLANTIC,1135962553,6295630,0.0,0.0,L,,EAO
West Bank,West Bank,GPE,-0.0011252228163992823,0.30106951871657756,en,17,#5b97ec,#5b97ec,EUROPE-AFRICA,,282615,32.22111,35.25444,P,Palestinian Territory,MED
North America,North America,LOC,0.18930440771349863,0.41482782369146,en,11,#c8ef77,#c8ef77,NORTH-AMERICA,,6255149,46.07323,-100.54688,L,United States,CNA
Chicago,Chicago,GPE,0.06287878787878788,0.18931818181818183,en,10,#a9ee6e,#a9ee6e,NORTH-AMERICA,4009921-0,4887398,41.85003,-87.65005,P,United States,ENA
New York,New York,GPE,0.1811363636363636,0.46684343434343434,en,10,#8aee6c,#8aee6c,NORTH-AMERICA,4042011-5,5128581,40.71427,-74.00597,P,United States,ENA
Western Sahara,Western Sahara,LOC,0.02172619047619048,0.1097883597883598,en,9,,,,,,,,,,
Wales,Wales,GPE,0.03333333333333334,0.23950617283950615,en,9,,,,,,,,,,
California,California,GPE,0.053125,0.36875,en,8,,,,,,,,,,
New York City,New York City,GPE,0.14835227272727272,0.3834311868686869,en,8,,,,,,,,,,
St. Peter’s,St. Peter’s,GPE,0.03181818181818182,0.2155844155844156,en,7,,,,,,,,,,
D.C.,D.C.,GPE,0.06234870571605265,0.1677820478840887,en,7,,,,,,,,,,
Florida,Florida,GPE,0.24642857142857144,0.3166666666666667,en,7,,,,,,,,,,
Scotland,Scotland,GPE,0.10378787878787879,0.3876984126984127,en,7,,,,,,,,,,
Istanbul,Istanbul,GPE,-0.02,0.13583333333333333,en,6,,,,,,,,,,
Britain,Britain,GPE,0.05883597883597883,0.4208201058201058,en,6,,,,,,,,,,
Pacific,Pacific,LOC,-0.00833333333333333,0.19259259259259257,en,6,,,,,,,,,,
Maryland,Maryland,GPE,0.03766233766233766,0.12054112554112555,en,5,,,,,,,,,,
the West Bank,the West Bank,GPE,-0.1708080808080808,0.3743434343434343,en,5,,,,,,,,,,
Asia,Asia,LOC,0.1,0.1,en,5,,,,,,,,,,
The United States,The United States,GPE,0.03659090909090909,0.23946969696969694,en,5,,,,,,,,,,
Arctic,Arctic,LOC,0.28545454545454546,0.7065151515151515,en,5,,,,,,,,,,
Americas,Americas,LOC,-0.045,0.185,en,5,,,,,,,,,,
Atlantic,Atlantic,LOC,-0.02083333333333333,0.5791666666666666,en,4,,,,,,,,,,
Rijeka,Rijeka,GPE,0.06666666666666667,0.39999999999999997,en,4,,,,,,,,,,
Texas,Texas,GPE,0.17613636363636365,0.3162878787878788,en,4,,,,,,,,,,
South America,South America,LOC,0.18184223184223186,0.5467712842712843,en,4,,,,,,,,,,
the South Pole,the South Pole,LOC,0.103125,0.19739583333333333,en,4,,,,,,,,,,
Türkiye,Türkiye,GPE,0.009027777777777777,0.08506944444444443,en,4,,,,,,,,,,
Zetwerk,Zetwerk,GPE,0.05094696969696969,0.13510101010101008,en,4,,,,,,,,,,
Mideast,Mideast,LOC,0.0828125,0.3782986111111111,en,4,,,,,,,,,,
DC,DC,GPE,-0.04583333333333334,0.22291666666666668,en,4,,,,,,,,,,
Auckland,Auckland,GPE,0.2511363636363636,0.27045454545454545,en,4,,,,,,,,,,
PRAGUE,PRAGUE,GPE,0.004166666666666666,0.04722222222222223,en,4,,,,,,,,,,
San Francisco,San Francisco,GPE,0.3474358974358974,0.45480769230769225,en,4,,,,,,,,,,
the James Bay,the James Bay,LOC,0.0,0.0,en,4,,,,,,,,,,
LONDON,LONDON,GPE,0.060159632034632024,0.3375,en,4,,,,,,,,,,
Man City,Man City,GPE,0.19867424242424245,0.5678030303030303,en,4,,,,,,,,,,
Dozulé,Dozulé,GPE,0.07276785714285713,0.31101190476190477,en,4,,,,,,,,,,
Southeast Asia,Southeast Asia,LOC,0.044444444444444446,0.1111111111111111,en,3,,,,,,,,,,
Scottish Cup,Scottish Cup,GPE,0.0,0.3333333333333333,en,3,,,,,,,,,,
Patagonia,Patagonia,GPE,-0.031944444444444435,0.25925925925925924,en,3,,,,,,,,,,
WASHINGTON,WASHINGTON,GPE,0.027104377104377103,0.29343434343434344,en,3,,,,,,,,,,
U.K.,U.K.,GPE,0.06419753086419754,0.2611111111111111,en,3,,,,,,,,,,
AZ Alkmaar,AZ Alkmaar,GPE,0.0,0.06666666666666667,en,3,,,,,,,,,,
ATHENS,ATHENS,GPE,0.020833333333333332,0.041666666666666664,en,3,,,,,,,,,,
Tel Aviv's,Tel Aviv's,GPE,-0.13333333333333333,0.0,en,3,,,,,,,,,,
Vancouver,Vancouver,GPE,0.28611111111111115,0.425,en,3,,,,,,,,,,
Piraeus,Piraeus,GPE,0.0,0.0,en,3,,,,,,,,,,
Ina Garten's,Ina Garten's,GPE,0.3333333333333333,0.7000000000000001,en,3,,,,,,,,,,
Belem,Belem,GPE,-0.05833333333333334,0.4583333333333333,en,3,,,,,,,,,,
USA,USA,GPE,-0.13463203463203466,0.3647186147186148,en,3,,,,,,,,,,
ROME,ROME,GPE,0.038888888888888896,0.3055555555555556,en,3,,,,,,,,,,
Francis,Francis,GPE,-0.08333333333333333,0.2333333333333333,en,3,,,,,,,,,,
Varanasi,Varanasi,GPE,0.08541666666666665,0.2222222222222222,en,3,,,,,,,,,,
Sumatra,Sumatra,GPE,-0.03333333333333334,0.07777777777777778,en,3,,,,,,,,,,
Detroit,Detroit,GPE,0.1373737373737374,0.2977272727272728,en,3,,,,,,,,,,
Belfast,Belfast,GPE,0.0,0.0,en,3,,,,,,,,,,
Easter Island,Easter Island,GPE,0.04611111111111111,0.205,en,3,,,,,,,,,,
Asunción,Asunción,GPE,0.0,0.3333333333333333,en,3,,,,,,,,,,
the Caribbean Sea,the Caribbean Sea,LOC,-0.09999999999999999,0.15,en,3,,,,,,,,,,
Thun,Thun,GPE,0.025925925925925925,0.3148148148148148,en,3,,,,,,,,,,
Liverpool,Liverpool,GPE,0.3266666666666667,0.31,en,3,,,,,,,,,,
Hull City,Hull City,GPE,0.25,0.3333333333333333,en,2,,,,,,,,,,
Kipruto,Kipruto,GPE,-0.2,0.4,en,2,,,,,,,,,,
the Western Sahara,the Western Sahara,LOC,0.10625,0.2375,en,2,,,,,,,,,,
Penang,Penang,GPE,0.03162878787878787,0.5172348484848486,en,2,,,,,,,,,,
CZECH REPUBLIC,CZECH REPUBLIC,GPE,0.03166666666666666,0.14055555555555554,en,2,,,,,,,,,,
Bonhams,Bonhams,GPE,0.0,0.0,en,2,,,,,,,,,,
Basilica,Basilica,LOC,0.0,0.0,en,2,,,,,,,,,,
Tubas,Tubas,LOC,0.025,0.6,en,2,,,,,,,,,,
Copa,Copa,GPE,0.6000000000000001,0.30000000000000004,en,2,,,,,,,,,,
Memphis,Memphis,GPE,0.0,0.0,en,2,,,,,,,,,,
Kolkata,Kolkata,GPE,0.06666666666666667,0.15833333333333333,en,2,,,,,,,,,,
KUALA LUMPUR,KUALA LUMPUR,GPE,0.0525974025974026,0.2681818181818182,en,2,,,,,,,,,,
Valley of Ashes,Valley of Ashes,GPE,0.3615384615384616,0.5096153846153846,en,2,,,,,,,,,,
Mallorca,Mallorca,GPE,0.0,0.016666666666666666,en,2,,,,,,,,,,
The Hektoria Glacier,The Hektoria Glacier,LOC,-0.13333333333333333,0.2833333333333333,en,2,,,,,,,,,,
Black River,Black River,LOC,0.020000000000000007,0.41,en,2,,,,,,,,,,
East Nusa,East Nusa,GPE,0.0,0.0,en,2,,,,,,,,,,
the Mediterranean Sea,the Mediterranean Sea,LOC,0.025,0.35,en,2,,,,,,,,,,
San Diego,San Diego,GPE,0.15,0.2791666666666667,en,2,,,,,,,,,,
Portsmouth,Portsmouth,GPE,0.0,0.1,en,2,,,,,,,,,,
the Philadelphi Corridor,the Philadelphi Corridor,LOC,0.1,0.65,en,2,,,,,,,,,,
earth,earth,LOC,-0.25000000000000006,0.20833333333333331,en,2,,,,,,,,,,
ANKARA,ANKARA,GPE,-0.06875,0.15729166666666666,en,2,,,,,,,,,,
Zika,Zika,GPE,-0.03333333333333333,0.11777777777777779,en,2,,,,,,,,,,
Piazza San Pietro,Piazza San Pietro,GPE,0.0,0.0,en,2,,,,,,,,,,
Allan Hills,Allan Hills,GPE,0.175,0.225,en,2,,,,,,,,,,
the Defensores del Chaco,the Defensores del Chaco,LOC,-0.6,1.0,en,2,,,,,,,,,,
St. Peter's,St. Peter's,GPE,0.012500000000000004,0.125,en,2,,,,,,,,,,
JERUSALEM,JERUSALEM,GPE,-0.19555555555555554,0.5111111111111111,en,2,,,,,,,,,,
Idaho,Idaho,GPE,0.21666666666666667,0.5666666666666667,en,2,,,,,,,,,,
Ina Garten,Ina Garten,GPE,0.4066666666666667,0.7991666666666667,en,2,,,,,,,,,,
Idaho Falls,Idaho Falls,GPE,0.21666666666666667,0.5666666666666667,en,2,,,,,,,,,,
Nyon,Nyon,GPE,0.078125,0.25833333333333336,en,2,,,,,,,,,,
weaponising,weaponising,GPE,-0.041666666666666664,0.125,en,2,,,,,,,,,,
Slavia,Slavia,GPE,0.0,0.30000000000000004,en,2,,,,,,,,,,
Co-Redemptrix,Co-Redemptrix,LOC,0.25,0.25,en,2,,,,,,,,,,
Czechoslovakia,Czechoslovakia,GPE,0.10714285714285714,0.4642857142857143,en,2,,,,,,,,,,
Baltimore,Baltimore,GPE,0.022727272727272724,0.14242424242424243,en,2,,,,,,,,,,
UEFA,UEFA,GPE,0.125,0.25,en,2,,,,,,,,,,
JAKARTA,JAKARTA,GPE,0.10500000000000001,0.345,en,2,,,,,,,,,,
CUBA,CUBA,GPE,0.15714285714285714,0.38928571428571423,en,2,,,,,,,,,,
the Middle East,the Middle East,LOC,0.0,0.0,en,2,,,,,,,,,,
the Kerguelen Plateau,the Kerguelen Plateau,LOC,0.0,0.3333333333333333,en,2,,,,,,,,,,
Massachusetts,Massachusetts,GPE,0.0,0.1,en,2,,,,,,,,,,
Worcester,Worcester,GPE,0.0,0.1,en,2,,,,,,,,,,
Latin America,Latin America,LOC,-0.05,0.3,en,2,,,,,,,,,,
North Kivu,North Kivu,GPE,-0.03333333333333333,0.041666666666666664,en,2,,,,,,,,,,
Fernandina Beach,Fernandina Beach,GPE,0.43125,0.46249999999999997,en,2,,,,,,,,,,
Great Britain's,Great Britain's,GPE,0.8,0.6625,en,2,,,,,,,,,,
Dubai,Dubai,GPE,0.125,0.475,en,2,,,,,,,,,,
Bethlehem,Bethlehem,GPE,0.09971590909090909,0.4386363636363636,en,2,,,,,,,,,,
the Marina Islands,the Marina Islands,LOC,0.1,0.15,en,2,,,,,,,,,,
the Mariana Trench,the Mariana Trench,LOC,0.0,0.2,en,2,,,,,,,,,,
Berry Glacier,Berry Glacier,GPE,-0.21666666666666665,0.3,en,2,,,,,,,,,,
Kosice,Kosice,GPE,0.0,0.0,en,2,,,,,,,,,,
Royal Lodge,Royal Lodge,GPE,0.25,0.5,en,2,,,,,,,,,,
Latin Mass,Latin Mass,LOC,0.041666666666666664,0.625,en,2,,,,,,,,,,
Lateran,Lateran,GPE,0.07708333333333334,0.30833333333333335,en,2,,,,,,,,,,
St. Peter,St. Peter,GPE,0.06704545454545455,0.28181818181818186,en,2,,,,,,,,,,
Marrakech,Marrakech,GPE,0.16666666666666666,0.23055555555555554,en,2,,,,,,,,,,
Nablus,Nablus,GPE,0.041666666666666664,0.35,en,2,,,,,,,,,,
Hispaniola,Hispaniola,GPE,0.0,0.0,en,2,,,,,,,,,,
CAIRO,CAIRO,GPE,0.0625,0.21875,en,2,,,,,,,,,,
Newry,Newry,GPE,0.0,0.0,en,2,,,,,,,,,,
Milan,Milan,GPE,0.22727272727272724,0.33090909090909093,en,2,,,,,,,,,,
Hebron,Hebron,GPE,0.09971590909090909,0.4386363636363636,en,2,,,,,,,,,,
B.C.,B.C.,GPE,0.0,0.5,en,2,,,,,,,,,,
Melbourne City,Melbourne City,GPE,0.0,0.0,en,2,,,,,,,,,,
Vancouver Island,Vancouver Island,LOC,-0.5249999999999999,0.15000000000000002,en,2,,,,,,,,,,
AlUla,AlUla,GPE,0.05,0.15,en,2,,,,,,,,,,
Romas,Romas,GPE,0.0962962962962963,0.2666666666666667,en,2,,,,,,,,,,
the North Siders,the North Siders,LOC,0.1388888888888889,0.25,en,2,,,,,,,,,,
Coventry,Coventry,GPE,0.06818181818181818,0.22727272727272727,en,2,,,,,,,,,,
Manchester,Manchester,GPE,0.8,0.6625,en,2,,,,,,,,,,
Zurich,Zurich,GPE,0.0,0.0,en,2,,,,,,,,,,
Saxony,Saxony,GPE,0.18522727272727274,0.6,en,2,,,,,,,,,,
Birmingham,Birmingham,GPE,0.21666666666666667,0.44166666666666665,en,2,,,,,,,,,,
Spotifys,Spotifys,GPE,-0.20000000000000004,0.3,en,2,,,,,,,,,,
Fumarole Bay,Fumarole Bay,LOC,-0.15555555555555559,0.2888888888888889,en,2,,,,,,,,,,
Deception Island,Deception Island,GPE,-0.15555555555555559,0.2888888888888889,en,2,,,,,,,,,,
the Allan Hills,the Allan Hills,LOC,0.01785714285714286,0.15357142857142855,en,2,,,,,,,,,,
Melbourne,Melbourne,GPE,0.125,0.3583333333333334,en,2,,,,,,,,,,
SOUTH KOREA,SOUTH KOREA,GPE,0.2125,0.41250000000000003,en,2,,,,,,,,,,
Fukuoka,Fukuoka,GPE,0.3,0.5,en,2,,,,,,,,,,
Chivirico,Chivirico,GPE,0.1,0.35,en,2,,,,,,,,,,
Overseas Territories,Overseas Territories,LOC,0.18392857142857144,0.2714285714285714,en,2,,,,,,,,,,
Lingang Special Area,Lingang Special Area,GPE,0.1494047619047619,0.3641865079365079,en,2,,,,,,,,,,
Shanghai,Shanghai,GPE,0.1494047619047619,0.3641865079365079,en,2,,,,,,,,,,
Bihar,Bihar,GPE,0.6,1.0,en,2,,,,,,,,,,
High Arctic,High Arctic,LOC,0.019999999999999997,0.5549999999999999,en,2,,,,,,,,,,
BEIRUT,BEIRUT,GPE,-0.08124999999999999,0.3375,en,2,,,,,,,,,,
North Africa,North Africa,GPE,0.0,0.0,en,2,,,,,,,,,,
Newnan,Newnan,GPE,0.4,0.425,en,1,,,,,,,,,,
Ipswich,Ipswich,GPE,0.3,0.5,en,1,,,,,,,,,,
cinemagoing,cinemagoing,GPE,0.0,0.11458333333333334,en,1,,,,,,,,,,
PRC,PRC,GPE,0.0,0.0,en,1,,,,,,,,,,
Hampden,Hampden,GPE,0.5,0.875,en,1,,,,,,,,,,
Voronezh,Voronezh,GPE,0.0,0.0,en,1,,,,,,,,,,
ITALY,ITALY,GPE,0.0,1.0,en,1,,,,,,,,,,
Derry,Derry,GPE,0.0,0.0,en,1,,,,,,,,,,
FLORIDA,FLORIDA,GPE,-0.4,0.4,en,1,,,,,,,,,,
TAMPA,TAMPA,GPE,-0.4,0.4,en,1,,,,,,,,,,
the United S,the United S,GPE,0.16666666666666666,0.5,en,1,,,,,,,,,,
-The United States,-The United States,GPE,0.0,0.0,en,1,,,,,,,,,,
The Thwaites glacier,The Thwaites glacier,LOC,-0.25,0.5,en,1,,,,,,,,,,
the Netherlands,the Netherlands,GPE,0.0,0.0,en,1,,,,,,,,,,
Ein el-Hilweh,Ein el-Hilweh,GPE,-0.2,0.0,en,1,,,,,,,,,,
Ekpo,Ekpo,GPE,0.05000000000000002,0.5,en,1,,,,,,,,,,
Sahel,Sahel,LOC,0.06666666666666667,0.3666666666666667,en,1,,,,,,,,,,
Perth,Perth,GPE,0.0,0.0,en,1,,,,,,,,,,
Thwaites,Thwaites,LOC,-0.2,0.0,en,1,,,,,,,,,,
Italia,Italia,GPE,-0.125,0.20833333333333334,en,1,,,,,,,,,,
Mount Lewotobi,Mount Lewotobi,GPE,0.16,0.5399999999999999,en,1,,,,,,,,,,
QUEENS,QUEENS,GPE,0.075,0.43333333333333335,en,1,,,,,,,,,,
the Eastern Pacific Ocean,the Eastern Pacific Ocean,LOC,0.0,0.0,en,1,,,,,,,,,,
Eternal City,Eternal City,GPE,-0.3,0.3,en,1,,,,,,,,,,
Toronto,Toronto,GPE,0.0,0.0,en,1,,,,,,,,,,
Calif.,Calif.,GPE,0.0,0.0,en,1,,,,,,,,,,
Oakland,Oakland,GPE,0.0,0.0,en,1,,,,,,,,,,
Atlanta,Atlanta,GPE,0.0,0.0,en,1,,,,,,,,,,
GENEVA,GENEVA,GPE,0.28409090909090906,0.4636363636363636,en,1,,,,,,,,,,
South Carolina,South Carolina,GPE,-0.024999999999999994,0.3,en,1,,,,,,,,,,
Mass.,Mass.,GPE,0.0037878787878787845,0.27651515151515155,en,1,,,,,,,,,,
St. Anthony,St. Anthony,GPE,0.0,0.0,en,1,,,,,,,,,,
Cambridge,Cambridge,GPE,0.0037878787878787845,0.27651515151515155,en,1,,,,,,,,,,
Princeton,Princeton,GPE,0.0037878787878787845,0.27651515151515155,en,1,,,,,,,,,,
Isabelle… Madelaine Petsch,Isabelle… Madelaine Petsch,LOC,0.11249999999999999,0.425,en,1,,,,,,,,,,
Catholi,Catholi,GPE,0.13636363636363635,0.45454545454545453,en,1,,,,,,,,,,
Ri island,Ri island,LOC,0.02500000000000001,0.2833333333333333,en,1,,,,,,,,,,
Maldo,Maldo,GPE,0.02500000000000001,0.2833333333333333,en,1,,,,,,,,,,
Ghost Island,Ghost Island,GPE,-0.08333333333333333,0.6166666666666667,en,1,,,,,,,,,,
Padua Church,Padua Church,GPE,0.0,0.0,en,1,,,,,,,,,,
Eastern Pacific Ocean,Eastern Pacific Ocean,LOC,0.0,0.1,en,1,,,,,,,,,,
Iberia,Iberia,GPE,0.0,0.0,en,1,,,,,,,,,,
Hercules,Hercules,GPE,0.0,0.0,en,1,,,,,,,,,,
La Liga,La Liga,GPE,-0.35,0.45,en,1,,,,,,,,,,
Bayonne,Bayonne,GPE,0.0,0.0,en,1,,,,,,,,,,
the Back Sea,the Back Sea,LOC,-0.02,0.1,en,1,,,,,,,,,,
East Asia,East Asia,LOC,-0.024999999999999994,0.38125,en,1,,,,,,,,,,
St. Peter's Square,St. Peter's Square,LOC,0.0,0.0,en,1,,,,,,,,,,
Northland,Northland,GPE,0.0,0.0,en,1,,,,,,,,,,
Lagos,Lagos,GPE,0.16666666666666666,0.23055555555555554,en,1,,,,,,,,,,
MEDAN,MEDAN,GPE,0.0,0.5,en,1,,,,,,,,,,
Sumatra island,Sumatra island,LOC,0.0,1.0,en,1,,,,,,,,,,
Middle East,Middle East,LOC,0.0,0.5,en,1,,,,,,,,,,
Caribbean Sea,Caribbean Sea,LOC,0.0,0.16666666666666666,en,1,,,,,,,,,,
Tai Po,Tai Po,GPE,0.0,0.5,en,1,,,,,,,,,,
Tebí,Tebí,GPE,-0.025,0.025,en,1,,,,,,,,,,
the Western Pacific,the Western Pacific,LOC,-0.3,0.3666666666666667,en,1,,,,,,,,,,
Amyl,Amyl,LOC,0.2,0.4,en,1,,,,,,,,,,
Killarney,Killarney,GPE,0.0,0.0,en,1,,,,,,,,,,
IRELAND,IRELAND,GPE,0.0,0.0,en,1,,,,,,,,,,
Galo Fall,Galo Fall,GPE,0.0,0.65,en,1,,,,,,,,,,
Saint Peter's,Saint Peter's,GPE,0.0,0.0,en,1,,,,,,,,,,
Piazza,Piazza,GPE,0.0,0.0,en,1,,,,,,,,,,
New Yalta,New Yalta,GPE,0.13636363636363635,0.45454545454545453,en,1,,,,,,,,,,
Parramatta,Parramatta,GPE,-0.19444444444444445,0.4166666666666667,en,1,,,,,,,,,,
UNICEF,UNICEF,GPE,-0.05,0.15,en,1,,,,,,,,,,
Keeling,Keeling,GPE,-0.16666666666666666,0.3333333333333333,en,1,,,,,,,,,,
Glasgow,Glasgow,GPE,0.2833333333333333,0.46666666666666673,en,1,,,,,,,,,,
Barossa,Barossa,GPE,0.0,0.0,en,1,,,,,,,,,,
LNG,LNG,GPE,0.06818181818181818,0.4772727272727273,en,1,,,,,,,,,,
Lohja,Lohja,GPE,0.06818181818181818,0.25,en,1,,,,,,,,,,
Montefalco,Montefalco,GPE,0.8,0.75,en,1,,,,,,,,,,
publishe,publishe,GPE,0.06818181818181818,0.22727272727272727,en,1,,,,,,,,,,
Va.,Va.,GPE,0.0,0.1,en,1,,,,,,,,,,
Constantinople,Constantinople,GPE,0.0,0.0,en,1,,,,,,,,,,
ABUJA,ABUJA,GPE,0.0,0.1,en,1,,,,,,,,,,
al-Zuwayda,al-Zuwayda,LOC,0.38333333333333336,0.75,en,1,,,,,,,,,,
INFLUENCERS,INFLUENCERS,GPE,0.075,0.43333333333333335,en,1,,,,,,,,,,
New South Wales,New South Wales,GPE,0.5681818181818181,0.37727272727272726,en,1,,,,,,,,,,
Villa Agrippina,Villa Agrippina,LOC,0.0,0.05,en,1,,,,,,,,,,
fina,fina,GPE,0.1,0.4,en,1,,,,,,,,,,
Los Angeles,Los Angeles,GPE,0.0,0.0,en,1,,,,,,,,,,
North Carolina,North Carolina,GPE,0.0,0.0,en,1,,,,,,,,,,
Long Beach,Long Beach,GPE,-0.016666666666666666,0.21666666666666667,en,1,,,,,,,,,,
Montreal,Montreal,GPE,-0.016666666666666666,0.21666666666666667,en,1,,,,,,,,,,
QC,QC,GPE,-0.016666666666666666,0.21666666666666667,en,1,,,,,,,,,,
EditorialOur,EditorialOur,GPE,0.6666666666666666,1.0,en,1,,,,,,,,,,
Antalya,Antalya,GPE,0.0,0.0,en,1,,,,,,,,,,
Belfast Lough,Belfast Lough,GPE,0.0,0.0,en,1,,,,,,,,,,
Gavi,Gavi,GPE,0.25,0.75,en,1,,,,,,,,,,
Pedri,Pedri,GPE,0.25,0.75,en,1,,,,,,,,,,
BERLIN,BERLIN,GPE,-0.05,0.05,en,1,,,,,,,,,,
Silicon Valley's,Silicon Valley's,LOC,0.03333333333333333,0.4666666666666666,en,1,,,,,,,,,,
Yass,Yass,GPE,0.5681818181818181,0.37727272727272726,en,1,,,,,,,,,,
Alys Beach,Alys Beach,GPE,0.375,0.35,en,1,,,,,,,,,,
Tahiti,Tahiti,GPE,0.0,0.0,en,1,,,,,,,,,,
Moorea,Moorea,GPE,0.0,0.0,en,1,,,,,,,,,,
Kyoto,Kyoto,GPE,0.0,0.0,en,1,,,,,,,,,,
Mount Fuji,Mount Fuji,LOC,0.20625,0.63125,en,1,,,,,,,,,,
the Lucayan Archipelago,the Lucayan Archipelago,GPE,0.3,0.6333333333333333,en,1,,,,,,,,,,
Oak,Oak,GPE,0.13636363636363635,0.4772727272727273,en,1,,,,,,,,,,
Negril,Negril,GPE,0.0,0.0,en,1,,,,,,,,,,
NEW DELHI,NEW DELHI,GPE,-0.015151515151515157,0.38838383838383844,en,1,,,,,,,,,,
MIAMI,MIAMI,GPE,0.0,0.0,en,1,,,,,,,,,,
the Atlantic Ocean,the Atlantic Ocean,LOC,0.4,0.75,en,1,,,,,,,,,,
Rohan City,Rohan City,GPE,0.0,0.0,en,1,,,,,,,,,,
eaag3055,eaag3055,GPE,0.0,0.0,en,1,,,,,,,,,,
Corr,Corr,GPE,0.1,0.4,en,1,,,,,,,,,,
Dunfermline,Dunfermline,GPE,0.375,0.6666666666666666,en,1,,,,,,,,,,
RABAT,RABAT,GPE,-0.017857142857142856,0.16071428571428573,en,1,,,,,,,,,,
Montego Bay,Montego Bay,LOC,-1.0,1.0,en,1,,,,,,,,,,
Alpine,Alpine,LOC,0.0,0.0,en,1,,,,,,,,,,
North Cascades,North Cascades,LOC,0.0,0.0,en,1,,,,,,,,,,
European Alpine,European Alpine,LOC,0.5,0.15,en,1,,,,,,,,,,
North Cascades National Park,North Cascades National Park,LOC,0.5,0.15,en,1,,,,,,,,,,
the North Atlantic Land Bridge,the North Atlantic Land Bridge,LOC,0.16,0.5399999999999999,en,1,,,,,,,,,,
PARIS,PARIS,GPE,0.2,0.5,en,1,,,,,,,,,,
Leipzig,Leipzig,GPE,0.1,0.4,en,1,,,,,,,,,,
Key West,Key West,GPE,0.0,0.3666666666666667,en,1,,,,,,,,,,
SYDNEY,SYDNEY,GPE,0.8,0.4,en,1,,,,,,,,,,
AUSTRALIA,AUSTRALIA,GPE,0.8,0.4,en,1,,,,,,,,,,
Sydney,Sydney,GPE,0.8,0.4,en,1,,,,,,,,,,
Diddy Kong's,Diddy Kong's,GPE,0.2,0.2,en,1,,,,,,,,,,
LGBTQ+,LGBTQ+,GPE,-0.1,0.44999999999999996,en,1,,,,,,,,,,
the Pacific islands,the Pacific islands,LOC,0.5,0.5,en,1,,,,,,,,,,
Mount Dora,Mount Dora,GPE,0.375,0.35,en,1,,,,,,,,,,
Westmoreland,Westmoreland,GPE,-0.049999999999999996,0.08333333333333333,en,1,,,,,,,,,,
Sharm al-Sheikh,Sharm al-Sheikh,GPE,0.25,0.25,en,1,,,,,,,,,,
Hudson Bay,Hudson Bay,LOC,0.39999999999999997,0.9666666666666667,en,1,,,,,,,,,,
Earths,Earths,GPE,0.15,0.6,en,1,,,,,,,,,,
Greenbrier,Greenbrier,GPE,0.27777777777777773,0.5555555555555555,en,1,,,,,,,,,,
West Virginia,West Virginia,GPE,0.27777777777777773,0.5555555555555555,en,1,,,,,,,,,,
Mackinac Island’s,Mackinac Island’s,GPE,0.27777777777777773,0.5555555555555555,en,1,,,,,,,,,,
Mackinac Island,Mackinac Island,GPE,0.5,1.0,en,1,,,,,,,,,,
Phillip Island,Phillip Island,LOC,0.0,0.6,en,1,,,,,,,,,,
Luzon,Luzon,LOC,-0.12222222222222222,0.38055555555555554,en,1,,,,,,,,,,
Europ,Europ,LOC,-0.29000000000000004,0.6266666666666667,en,1,,,,,,,,,,
the United States of,the United States of,GPE,0.0,0.0,en,1,,,,,,,,,,
Latin America Encuentra,Latin America Encuentra,LOC,0.0,0.0,en,1,,,,,,,,,,
Atletico,Atletico,GPE,0.0,0.0,en,1,,,,,,,,,,
Villarreal,Villarreal,GPE,-0.24166666666666664,0.31666666666666665,en,1,,,,,,,,,,
Mount Redoubt,Mount Redoubt,GPE,0.0,0.0,en,1,,,,,,,,,,
Alaska,Alaska,GPE,0.0,0.0,en,1,,,,,,,,,,
Costa Farms,Costa Farms,LOC,0.0,0.0,en,1,,,,,,,,,,
Moen,Moen,GPE,0.0,0.1,en,1,,,,,,,,,,
North…,North…,GPE,0.5,0.5,en,1,,,,,,,,,,
SAN JUAN,SAN JUAN,GPE,-0.3,0.45,en,1,,,,,,,,,,
Jeju Island,Jeju Island,LOC,0.11666666666666665,0.75,en,1,,,,,,,,,,
Ramallah,Ramallah,GPE,-0.05,0.2,en,1,,,,,,,,,,
Zivkovic,Zivkovic,GPE,0.0,0.0,en,1,,,,,,,,,,
the Orinoco River,the Orinoco River,LOC,0.13376623376623378,0.35779220779220783,en,1,,,,,,,,,,
Rhode Island's,Rhode Island's,GPE,0.0,0.0,en,1,,,,,,,,,,
Tiverton,Tiverton,GPE,0.0,0.0,en,1,,,,,,,,,,
Rhode Island,Rhode Island,GPE,0.0,0.0,en,1,,,,,,,,,,
Island Archipelago,Island Archipelago,LOC,0.0,0.0,en,1,,,,,,,,,,
the Southern Ocean,the Southern Ocean,LOC,-0.010000000000000002,0.2975,en,1,,,,,,,,,,
the Western Atlantic,the Western Atlantic,LOC,-0.18285714285714286,0.5428571428571428,en,1,,,,,,,,,,
BLACK RIVER,BLACK RIVER,LOC,0.020000000000000007,0.41,en,1,,,,,,,,,,
Whitehouse,Whitehouse,GPE,-0.049999999999999996,0.08333333333333333,en,1,,,,,,,,,,
Lion City Sailors Women,Lion City Sailors Women,GPE,-0.5,1.0,en,1,,,,,,,,,,
DUBAI,DUBAI,GPE,0.0,0.0,en,1,,,,,,,,,,
Vallarpadam,Vallarpadam,GPE,0.0,0.0,en,1,,,,,,,,,,
Kochi,Kochi,GPE,0.0,0.0,en,1,,,,,,,,,,
Kerala,Kerala,GPE,0.0,0.0,en,1,,,,,,,,,,
SEOUL,SEOUL,GPE,0.125,0.29166666666666663,en,1,,,,,,,,,,
Minji,Minji,GPE,0.0,0.0,en,1,,,,,,,,,,
Gvili,Gvili,GPE,0.0,0.0,en,1,,,,,,,,,,
the Iberian Peninsula,the Iberian Peninsula,LOC,-0.03333333333333333,0.19999999999999998,en,1,,,,,,,,,,
Algarve,Algarve,GPE,-0.03333333333333333,0.19999999999999998,en,1,,,,,,,,,,
Dozule,Dozule,GPE,0.4,0.5,en,1,,,,,,,,,,
HYBEs breaking,HYBEs breaking,GPE,0.0,0.0,en,1,,,,,,,,,,
Modi,Modi,GPE,0.19999999999999998,0.55,en,1,,,,,,,,,,
Ulster Wildlife,Ulster Wildlife,LOC,-0.21875,0.5,en,1,,,,,,,,,,
the Eastern Antarctic Peninsula,the Eastern Antarctic Peninsula,LOC,0.08750000000000001,0.26666666666666666,en,1,,,,,,,,,,
the South West Pacific region,the South West Pacific region,LOC,0.06818181818181818,0.4772727272727273,en,1,,,,,,,,,,
the High Seas,the High Seas,LOC,0.08,0.26999999999999996,en,1,,,,,,,,,,
Latin America's,Latin America's,LOC,0.0,0.5,en,1,,,,,,,,,,
British Columbia,British Columbia,GPE,0.325,0.475,en,1,,,,,,,,,,
alpha-gal,alpha-gal,LOC,-0.05454545454545454,0.34040404040404043,en,1,,,,,,,,,,
BRIDGETOWN,BRIDGETOWN,GPE,0.0,0.0,en,1,,,,,,,,,,
NEW YORK,NEW YORK,GPE,0.21212121212121213,0.3737373737373737,en,1,,,,,,,,,,
Eastern Europe,Eastern Europe,LOC,0.0,0.0,en,1,,,,,,,,,,
Marina,Marina,LOC,0.0,0.0,en,1,,,,,,,,,,
BELEM,BELEM,GPE,0.0375,0.3125,en,1,,,,,,,,,,
Mass,Mass,GPE,0.0,0.0,en,1,,,,,,,,,,
Christi,Christi,GPE,-0.2833333333333334,0.4583333333333333,en,1,,,,,,,,,,
Quantico,Quantico,GPE,-0.16666666666666666,0.16666666666666666,en,1,,,,,,,,,,
Byambwe,Byambwe,GPE,-0.06666666666666667,0.08333333333333333,en,1,,,,,,,,,,
the Democratic Republic of Congo,the Democratic Republic of Congo,GPE,-0.06666666666666667,0.08333333333333333,en,1,,,,,,,,,,
Canadian Tribes,Canadian Tribes,GPE,0.0,0.0,en,1,,,,,,,,,,
Churchs,Churchs,GPE,0.0,0.0,en,1,,,,,,,,,,
Alps,Alps,GPE,0.3,0.5,en,1,,,,,,,,,,
Fallujah,Fallujah,GPE,0.0,0.0,en,1,,,,,,,,,,
Pandur,Pandur,GPE,0.25,0.3333333333333333,en,1,,,,,,,,,,
Cebu,Cebu,LOC,0.0,0.0,en,1,,,,,,,,,,
Edinburgh,Edinburgh,GPE,-0.21666666666666667,0.3833333333333333,en,1,,,,,,,,,,
Green Jungle Park,Green Jungle Park,LOC,0.05833333333333333,0.3833333333333333,en,1,,,,,,,,,,
Anfield,Anfield,GPE,0.37878787878787884,0.5666666666666668,en,1,,,,,,,,,,
Merseyside,Merseyside,GPE,0.2,0.30000000000000004,en,1,,,,,,,,,,
Aston Villa,Aston Villa,GPE,0.0,0.0,en,1,,,,,,,,,,
Shenzhen,Shenzhen,GPE,0.0,0.0,en,1,,,,,,,,,,
Ulsan,Ulsan,GPE,0.0,0.0,en,1,,,,,,,,,,
GAZA CITY,GAZA CITY,GPE,-0.20000000000000004,0.16666666666666666,en,1,,,,,,,,,,
Keeperhitting,Keeperhitting,GPE,0.25,0.95,en,1,,,,,,,,,,
Jiabin,Jiabin,GPE,-0.05,0.15000000000000002,en,1,,,,,,,,,,
New York’s,New York’s,GPE,0.19318181818181818,0.3939393939393939,en,1,,,,,,,,,,
New Yorks,New Yorks,GPE,0.1931818181818182,0.3994949494949495,en,1,,,,,,,,,,
Tiangong,Tiangong,GPE,0.0,0.0,en,1,,,,,,,,,,
Palestine,Palestine,GPE,-0.5,0.5,en,1,,,,,,,,,,
May.,May.,GPE,0.125,0.21666666666666667,en,1,,,,,,,,,,
Mumbai,Mumbai,GPE,0.5,0.5,en,1,,,,,,,,,,
Tiny Island Overrun By Crabs,Tiny Island Overrun By Crabs,LOC,-0.16666666666666666,0.4333333333333333,en,1,,,,,,,,,,
Feldkirch,Feldkirch,GPE,0.06000000000000001,0.14666666666666667,en,1,,,,,,,,,,
the Pamir peaks,the Pamir peaks,LOC,0.33,0.52,en,1,,,,,,,,,,
NORTHERN GAZA STRIP,NORTHERN GAZA STRIP,GPE,0.25,0.41666666666666663,en,1,,,,,,,,,,
BANGKOK,BANGKOK,GPE,0.25,0.6166666666666667,en,1,,,,,,,,,,
Latin America’s,Latin America’s,LOC,0.0,0.0,en,1,,,,,,,,,,
BRUSSELS,BRUSSELS,GPE,0.03500000000000001,0.23500000000000001,en,1,,,,,,,,,,
Europes,Europes,LOC,0.03500000000000001,0.23500000000000001,en,1,,,,,,,,,,
Miami,Miami,GPE,0.0,0.125,en,1,,,,,,,,,,
Suho,Suho,GPE,0.13636363636363635,0.45454545454545453,en,1,,,,,,,,,,
B.C,B.C,GPE,0.0,0.0,en,1,,,,,,,,,,
Manchester United,Manchester United,GPE,0.08333333333333333,0.4666666666666666,en,1,,,,,,,,,,
ISTANBUL,ISTANBUL,GPE,0.08,0.49000000000000005,en,1,,,,,,,,,,
